selection_reason,date,sofr_percent,previous_sofr_percent,change_bp,window,standard_z,robust_z,percentile_strict,percentile_midrank,percentile_weak,prior_less_count,prior_equal_count,prior_greater_count,baseline_first_change_date,baseline_last_change_date
top absolute movement with all windows available,2019-09-17,5.25,2.43,282.0,20,48.142629661223054,94.935875,100.0,100.0,100.0,20,0,0,2019-08-19,2019-09-16
top absolute movement with all windows available,2019-09-17,5.25,2.43,282.0,60,39.97162288316818,95.1045,100.0,100.0,100.0,60,0,0,2019-06-21,2019-09-16
top absolute movement with all windows available,2019-09-17,5.25,2.43,282.0,120,41.323105321866485,126.806,100.0,100.0,100.0,120,0,0,2019-03-27,2019-09-16
top absolute movement with all windows available,2019-09-17,5.25,2.43,282.0,252,37.24483055118599,126.806,100.0,100.0,100.0,252,0,0,2018-09-12,2019-09-16
top absolute movement with all windows available,2019-09-18,2.55,5.25,-270.0,20,-4.538858657031208,-73.11580000000001,95.0,95.0,95.0,19,0,1,2019-08-20,2019-09-17
top absolute movement with all windows available,2019-09-18,2.55,5.25,-270.0,60,-7.413062275205788,-91.0575,98.33333333333333,98.33333333333333,98.33333333333333,59,0,1,2019-06-24,2019-09-17
top absolute movement with all windows available,2019-09-18,2.55,5.25,-270.0,120,-10.228219869334056,-91.0575,99.16666666666667,99.16666666666667,99.16666666666667,119,0,1,2019-03-28,2019-09-17
top absolute movement with all windows available,2019-09-18,2.55,5.25,-270.0,252,-14.059705797211176,-91.0575,99.60317460317461,99.60317460317461,99.60317460317461,251,0,1,2018-09-13,2019-09-17
top absolute movement with all windows available,2020-03-16,0.26,1.1,-84.0,20,-8.198401011875522,-28.329,100.0,100.0,100.0,20,0,0,2020-02-14,2020-03-13
top absolute movement with all windows available,2020-03-16,0.26,1.1,-84.0,60,-14.059135077517642,-56.658,100.0,100.0,100.0,60,0,0,2019-12-17,2020-03-13
top absolute movement with all windows available,2020-03-16,0.26,1.1,-84.0,120,-8.207138647102758,-56.658,100.0,100.0,100.0,120,0,0,2019-09-19,2020-03-13
top absolute movement with all windows available,2020-03-16,0.26,1.1,-84.0,252,-3.2053714408090292,-56.658,99.2063492063492,99.2063492063492,99.2063492063492,250,0,2,2019-03-13,2020-03-13
top absolute movement with all windows available,2022-06-16,1.45,0.7,75.0,20,65.81937404746418,50.5875,100.0,100.0,100.0,20,0,0,2022-05-18,2022-06-15
top absolute movement with all windows available,2022-06-16,1.45,0.7,75.0,60,11.591986021122759,,100.0,100.0,100.0,60,0,0,2022-03-22,2022-06-15
top absolute movement with all windows available,2022-06-16,1.45,0.7,75.0,120,14.70311486556648,,100.0,100.0,100.0,120,0,0,2021-12-23,2022-06-15
top absolute movement with all windows available,2022-06-16,1.45,0.7,75.0,252,21.276574708087498,,100.0,100.0,100.0,252,0,0,2021-06-15,2022-06-15
top absolute movement with all windows available,2022-07-28,2.28,1.53,75.0,20,79.35304315038672,50.5875,100.0,100.0,100.0,20,0,0,2022-06-29,2022-07-27
top absolute movement with all windows available,2022-07-28,2.28,1.53,75.0,60,6.323650693957075,50.5875,98.33333333333333,99.16666666666667,100.0,59,1,0,2022-05-02,2022-07-27
top absolute movement with all windows available,2022-07-28,2.28,1.53,75.0,120,8.694770540649367,,99.16666666666667,99.58333333333333,100.0,119,1,0,2022-02-03,2022-07-27
top absolute movement with all windows available,2022-07-28,2.28,1.53,75.0,252,12.65456102319078,,99.60317460317461,99.8015873015873,100.0,251,1,0,2021-07-26,2022-07-27
top absolute movement with all windows available,2022-11-03,3.8,3.05,75.0,20,98.72823614281857,50.5875,100.0,100.0,100.0,20,0,0,2022-10-05,2022-11-02
top absolute movement with all windows available,2022-11-03,3.8,3.05,75.0,60,7.683948555725805,101.175,100.0,100.0,100.0,60,0,0,2022-08-09,2022-11-02
top absolute movement with all windows available,2022-11-03,3.8,3.05,75.0,120,6.22157795390472,50.5875,98.33333333333333,99.16666666666667,100.0,118,2,0,2022-05-12,2022-11-02
top absolute movement with all windows available,2022-11-03,3.8,3.05,75.0,252,8.36094417101993,,99.2063492063492,99.60317460317461,100.0,250,2,0,2021-11-01,2022-11-02
top absolute movement with all windows available,2022-09-22,2.99,2.25,74.0,20,115.65055123085233,,100.0,100.0,100.0,20,0,0,2022-08-24,2022-09-21
top absolute movement with all windows available,2022-09-22,2.99,2.25,74.0,60,7.485222961111679,49.913,98.33333333333333,98.33333333333333,98.33333333333333,59,0,1,2022-06-28,2022-09-21
top absolute movement with all windows available,2022-09-22,2.99,2.25,74.0,120,6.809078357499577,99.826,98.33333333333333,98.33333333333333,98.33333333333333,118,0,2,2022-03-31,2022-09-21
top absolute movement with all windows available,2022-09-22,2.99,2.25,74.0,252,9.715512053245101,,99.2063492063492,99.2063492063492,99.2063492063492,250,0,2,2021-09-20,2022-09-21
top absolute movement with all windows available,2019-09-19,1.95,2.55,-60.0,20,-0.6919861844607947,-11.659214285714285,90.0,90.0,90.0,18,0,2,2019-08-21,2019-09-18
top absolute movement with all windows available,2019-09-19,1.95,2.55,-60.0,60,-1.1744862079194287,-20.235,96.66666666666667,96.66666666666667,96.66666666666667,58,0,2,2019-06-25,2019-09-18
top absolute movement with all windows available,2019-09-19,1.95,2.55,-60.0,120,-1.6496109801869803,-20.235,98.33333333333333,98.33333333333333,98.33333333333333,118,0,2,2019-03-29,2019-09-18
top absolute movement with all windows available,2019-09-19,1.95,2.55,-60.0,252,-2.336974614766528,-20.235,99.2063492063492,99.2063492063492,99.2063492063492,250,0,2,2018-09-14,2019-09-18
top absolute movement with all windows available,2019-09-30,2.35,1.82,53.0,20,0.5993393197407112,8.8528125,85.0,85.0,85.0,17,0,3,2019-08-30,2019-09-27
top absolute movement with all windows available,2019-09-30,2.35,1.82,53.0,60,1.0443350062367491,11.916166666666667,95.0,95.0,95.0,57,0,3,2019-07-05,2019-09-27
top absolute movement with all windows available,2019-09-30,2.35,1.82,53.0,120,1.4546500903305282,17.87425,97.5,97.5,97.5,117,0,3,2019-04-09,2019-09-27
top absolute movement with all windows available,2019-09-30,2.35,1.82,53.0,252,2.0335996843137223,17.87425,98.41269841269842,98.41269841269842,98.41269841269842,248,0,4,2018-09-25,2019-09-27
top absolute movement with all windows available,2022-12-15,4.32,3.8,52.0,20,80.1373820385967,,100.0,100.0,100.0,20,0,0,2022-11-16,2022-12-14
top absolute movement with all windows available,2022-12-15,4.32,3.8,52.0,60,3.6605637144352463,35.074,96.66666666666667,96.66666666666667,96.66666666666667,58,0,2,2022-09-19,2022-12-14
top absolute movement with all windows available,2022-12-15,4.32,3.8,52.0,120,4.264923956543845,35.074,97.5,97.5,97.5,117,0,3,2022-06-23,2022-12-14
top absolute movement with all windows available,2022-12-15,4.32,3.8,52.0,252,5.061387619031444,,98.41269841269842,98.41269841269842,98.41269841269842,248,0,4,2021-12-13,2022-12-14
top absolute movement with all windows available,2024-09-19,4.82,5.33,-51.0,20,-26.417781692831813,-34.399499999999996,100.0,100.0,100.0,20,0,0,2024-08-21,2024-09-18
top absolute movement with all windows available,2024-09-19,4.82,5.33,-51.0,60,-25.964264276142785,-34.399499999999996,100.0,100.0,100.0,60,0,0,2024-06-25,2024-09-18
top absolute movement with all windows available,2024-09-19,4.82,5.33,-51.0,120,-34.11165875705687,,100.0,100.0,100.0,120,0,0,2024-03-28,2024-09-18
top absolute movement with all windows available,2024-09-19,4.82,5.33,-51.0,252,-37.27631905345182,,100.0,100.0,100.0,252,0,0,2023-09-18,2024-09-18
top absolute movement with all windows available,2022-05-05,0.79,0.3,49.0,20,67.54183888524209,,100.0,100.0,100.0,20,0,0,2022-04-06,2022-05-04
top absolute movement with all windows available,2022-05-05,0.79,0.3,49.0,60,14.790596269626302,,100.0,100.0,100.0,60,0,0,2022-02-08,2022-05-04
top absolute movement with all windows available,2022-05-05,0.79,0.3,49.0,120,20.88007553236983,,100.0,100.0,100.0,120,0,0,2021-11-10,2022-05-04
top absolute movement with all windows available,2022-05-05,0.79,0.3,49.0,252,29.751234068497446,,100.0,100.0,100.0,252,0,0,2021-05-04,2022-05-04
top absolute movement with all windows available,2019-10-01,1.88,2.35,-47.0,20,-0.5226390659474084,-7.119722222222222,80.0,80.0,80.0,16,0,4,2019-09-03,2019-09-30
top absolute movement with all windows available,2019-10-01,1.88,2.35,-47.0,60,-0.8893279091647295,-10.567166666666667,93.33333333333333,93.33333333333333,93.33333333333333,56,0,4,2019-07-08,2019-09-30
top absolute movement with all windows available,2019-10-01,1.88,2.35,-47.0,120,-1.263765713284996,-15.85075,96.66666666666667,96.66666666666667,96.66666666666667,116,0,4,2019-04-10,2019-09-30
top absolute movement with all windows available,2019-10-01,1.88,2.35,-47.0,252,-1.7933845361760488,-15.85075,98.01587301587301,98.01587301587301,98.01587301587301,247,0,5,2018-09-26,2019-09-30
top absolute movement with all windows available,2020-03-18,0.1,0.54,-44.0,20,-1.75222578538042,-14.670375,95.0,95.0,95.0,19,0,1,2020-02-19,2020-03-17
top absolute movement with all windows available,2020-03-18,0.1,0.54,-44.0,60,-3.299545391275449,-29.678,98.33333333333333,98.33333333333333,98.33333333333333,59,0,1,2019-12-19,2020-03-17
top absolute movement with all windows available,2020-03-18,0.1,0.54,-44.0,120,-3.665666558905604,-29.678,97.5,97.5,97.5,117,0,3,2019-09-23,2020-03-17
top absolute movement with all windows available,2020-03-18,0.1,0.54,-44.0,252,-1.6240593477441594,-29.678,97.61904761904762,97.61904761904762,97.61904761904762,246,0,6,2019-03-15,2020-03-17
top absolute movement with all windows available,2020-03-04,1.23,1.64,-41.0,20,-26.583074240305123,-27.6545,100.0,100.0,100.0,20,0,0,2020-02-04,2020-03-03
top absolute movement with all windows available,2020-03-04,1.23,1.64,-41.0,60,-21.111777684705284,-27.6545,100.0,100.0,100.0,60,0,0,2019-12-05,2020-03-03
top absolute movement with all windows available,2020-03-04,1.23,1.64,-41.0,120,-1.0953035505128301,-27.6545,95.83333333333333,95.83333333333333,95.83333333333333,115,0,5,2019-09-09,2020-03-03
top absolute movement with all windows available,2020-03-04,1.23,1.64,-41.0,252,-1.566797638787689,-27.6545,98.01587301587301,98.01587301587301,98.01587301587301,247,0,5,2019-03-01,2020-03-03
top absolute movement with all windows available,2019-08-01,2.19,2.55,-36.0,20,-6.4247273884512115,-15.963166666666666,100.0,100.0,100.0,20,0,0,2019-07-03,2019-07-31
top absolute movement with all windows available,2019-08-01,2.19,2.55,-36.0,60,-8.050057434710897,-15.963166666666666,100.0,100.0,100.0,60,0,0,2019-05-07,2019-07-31
top absolute movement with all windows available,2019-08-01,2.19,2.55,-36.0,120,-5.932503900894721,-24.282,100.0,100.0,100.0,120,0,0,2019-02-08,2019-07-31
top absolute movement with all windows available,2019-08-01,2.19,2.55,-36.0,252,-5.13620020710603,-24.282,99.2063492063492,99.2063492063492,99.2063492063492,250,0,2,2018-07-27,2019-07-31
top absolute movement with all windows available,2019-04-30,2.76,2.48,28.0,20,6.330989512655382,18.886,100.0,100.0,100.0,20,0,0,2019-04-01,2019-04-29
top absolute movement with all windows available,2019-04-30,2.76,2.48,28.0,60,4.766424471596522,18.886,100.0,100.0,100.0,60,0,0,2019-02-01,2019-04-29
top absolute movement with all windows available,2019-04-30,2.76,2.48,28.0,120,3.2071788908434438,18.886,98.33333333333333,98.33333333333333,98.33333333333333,118,0,2,2018-11-01,2019-04-29
top absolute movement with all windows available,2019-04-30,2.76,2.48,28.0,252,4.140840703228021,18.886,99.2063492063492,99.2063492063492,99.2063492063492,250,0,2,2018-04-25,2019-04-29
top absolute movement with all windows available,2020-03-17,0.54,0.26,28.0,20,1.667662277414619,9.611625,90.0,90.0,90.0,18,0,2,2020-02-18,2020-03-16
top absolute movement with all windows available,2020-03-17,0.54,0.26,28.0,60,2.4635890115030676,18.886,96.66666666666667,96.66666666666667,96.66666666666667,58,0,2,2019-12-18,2020-03-16
top absolute movement with all windows available,2020-03-17,0.54,0.26,28.0,120,2.5765355331299156,18.886,96.66666666666667,96.66666666666667,96.66666666666667,116,0,4,2019-09-20,2020-03-16
top absolute movement with all windows available,2020-03-17,0.54,0.26,28.0,252,1.085710490311092,18.886,96.42857142857143,96.62698412698413,96.82539682539682,243,1,8,2019-03-14,2020-03-16
top absolute movement with all windows available,2024-12-19,4.3,4.57,-27.0,20,-10.091857521551427,-18.2115,100.0,100.0,100.0,20,0,0,2024-11-20,2024-12-18
top absolute movement with all windows available,2024-12-19,4.3,4.57,-27.0,60,-5.854942009775784,-18.2115,100.0,100.0,100.0,60,0,0,2024-09-23,2024-12-18
top absolute movement with all windows available,2024-12-19,4.3,4.57,-27.0,120,-4.54543070751326,-18.2115,99.16666666666667,99.16666666666667,99.16666666666667,119,0,1,2024-06-27,2024-12-18
top absolute movement with all windows available,2024-12-19,4.3,4.57,-27.0,252,-6.548790904387399,-18.2115,99.60317460317461,99.60317460317461,99.60317460317461,251,0,1,2023-12-15,2024-12-18
top absolute movement with all windows available,2022-03-17,0.3,0.05,25.0,20,,,100.0,100.0,100.0,20,0,0,2022-02-16,2022-03-16
top absolute movement with all windows available,2022-03-17,0.3,0.05,25.0,60,60.7247890074556,,100.0,100.0,100.0,60,0,0,2021-12-20,2022-03-16
top absolute movement with all windows available,2022-03-17,0.3,0.05,25.0,120,60.98155458825234,,100.0,100.0,100.0,120,0,0,2021-09-22,2022-03-16
top absolute movement with all windows available,2022-03-17,0.3,0.05,25.0,252,66.02875412334254,,100.0,100.0,100.0,252,0,0,2021-03-16,2022-03-16
